{
  "layer": 3,
  "rank": 0,
  "hidden": 6144,
  "intermediate": 512,
  "results": [
    {
      "groups": 1,
      "counts": [
        128
      ],
      "padded_m": 128,
      "padding_ratio": 1.0,
      "baseline_ms": 0.015425600111484528,
      "grouped_mxfp8_ms": 0.0981711983680725,
      "speedup": 0.1571295896139461,
      "relative_l2_each": [
        0.03784414008259773
      ],
      "max_relative_l2": 0.03784414008259773,
      "grouped_fp16_ms": 0.061720001697540286,
      "grouped_fp16_speedup": 0.249928705236884,
      "grouped_fp16_relative_l2_each": [
        6.478035356849432e-05
      ],
      "grouped_fp16_max_relative_l2": 6.478035356849432e-05
    },
    {
      "groups": 2,
      "counts": [
        128,
        128
      ],
      "padded_m": 128,
      "padding_ratio": 1.0,
      "baseline_ms": 0.03020800054073334,
      "grouped_mxfp8_ms": 0.10586080551147461,
      "speedup": 0.28535585380047945,
      "relative_l2_each": [
        0.03772694990038872,
        0.0376574769616127
      ],
      "max_relative_l2": 0.03772694990038872,
      "grouped_fp16_ms": 0.07182400226593018,
      "grouped_fp16_speedup": 0.42058364317944097,
      "grouped_fp16_relative_l2_each": [
        6.506124918814749e-05,
        5.817148485220969e-05
      ],
      "grouped_fp16_max_relative_l2": 6.506124918814749e-05
    },
    {
      "groups": 4,
      "counts": [
        128,
        128,
        128,
        128
      ],
      "padded_m": 128,
      "padding_ratio": 1.0,
      "baseline_ms": 0.06005600094795227,
      "grouped_mxfp8_ms": 0.1669600009918213,
      "speedup": 0.3597029263966893,
      "relative_l2_each": [
        0.037577953189611435,
        0.03764572739601135,
        0.037533238530159,
        0.038035035133361816
      ],
      "max_relative_l2": 0.038035035133361816,
      "grouped_fp16_ms": 0.08739680051803589,
      "grouped_fp16_speedup": 0.6871647542241394,
      "grouped_fp16_relative_l2_each": [
        6.670733273494989e-05,
        6.093874981161207e-05,
        6.267439312068745e-05,
        6.30551585345529e-05
      ],
      "grouped_fp16_max_relative_l2": 6.670733273494989e-05
    },
    {
      "groups": 8,
      "counts": [
        128,
        128,
        128,
        128,
        128,
        128,
        128,
        128
      ],
      "padded_m": 128,
      "padding_ratio": 1.0,
      "baseline_ms": 0.12081600427627563,
      "grouped_mxfp8_ms": 0.31958560943603515,
      "speedup": 0.3780395634505467,
      "relative_l2_each": [
        0.037798888981342316,
        0.03768730163574219,
        0.03749069944024086,
        0.03748283535242081,
        0.03777625411748886,
        0.037682175636291504,
        0.037736330181360245,
        0.03761134296655655
      ],
      "max_relative_l2": 0.037798888981342316,
      "grouped_fp16_ms": 0.12435679435729981,
      "grouped_fp16_speedup": 0.9715271682635142,
      "grouped_fp16_relative_l2_each": [
        6.508499063784257e-05,
        6.514175765914842e-05,
        6.443523307098076e-05,
        6.482540629804134e-05,
        6.45173349766992e-05,
        6.323867273749784e-05,
        6.481905438704416e-05,
        6.268398283282295e-05
      ],
      "grouped_fp16_max_relative_l2": 6.514175765914842e-05
    },
    {
      "groups": 4,
      "counts": [
        256,
        224,
        192,
        128
      ],
      "padded_m": 256,
      "padding_ratio": 1.28,
      "baseline_ms": 0.08193119764328002,
      "grouped_mxfp8_ms": 0.1918015956878662,
      "speedup": 0.4271664026018485,
      "relative_l2_each": [
        0.03773953393101692,
        0.03767696022987366,
        0.03749494627118111,
        0.037731364369392395
      ],
      "max_relative_l2": 0.03773953393101692,
      "grouped_fp16_ms": 0.0999184012413025,
      "grouped_fp16_speedup": 0.8199810708081342,
      "grouped_fp16_relative_l2_each": [
        6.505738565465435e-05,
        6.143388600321487e-05,
        6.026613846188411e-05,
        6.216784822754562e-05
      ],
      "grouped_fp16_max_relative_l2": 6.505738565465435e-05
    },
    {
      "groups": 8,
      "counts": [
        256,
        224,
        192,
        160,
        128,
        128,
        128,
        128
      ],
      "padded_m": 256,
      "padding_ratio": 1.5238095238095237,
      "baseline_ms": 0.14456640481948851,
      "grouped_mxfp8_ms": 0.3586287975311279,
      "speedup": 0.4031087459086176,
      "relative_l2_each": [
        0.03771887347102165,
        0.03761086240410805,
        0.037659887224435806,
        0.03756653890013695,
        0.03773888200521469,
        0.03746481239795685,
        0.037618838250637054,
        0.037797749042510986
      ],
      "max_relative_l2": 0.037797749042510986,
      "grouped_fp16_ms": 0.13348640203475953,
      "grouped_fp16_speedup": 1.083004730188501,
      "grouped_fp16_relative_l2_each": [
        6.308364390861243e-05,
        6.786581798223779e-05,
        6.223437958396971e-05,
        6.556626613019034e-05,
        6.563420902239159e-05,
        6.622156797675416e-05,
        6.207117257872596e-05,
        6.432785448851064e-05
      ],
      "grouped_fp16_max_relative_l2": 6.786581798223779e-05
    }
  ]
}
